    0.912	    0.002	    0.129	   -1.764	    0.081	    0.077	    0.363	  -10.000
    0.913	    0.002	    0.181	   -0.024	    0.077	    0.044	    0.061	   -9.980
    0.912	    0.002	    0.395	    0.038	    0.069	    0.044	    0.035	   -9.960
    0.911	    0.002	    0.222	    0.244	    0.079	    0.045	    0.032	   -9.940
    0.912	    0.002	    0.016	    0.148	    0.085	    0.044	    0.033	   -9.920
    0.912	    0.002	    0.187	   -0.110	    0.069	    0.043	    0.032	   -9.900
    0.912	    0.002	    0.016	    0.121	    0.083	    0.043	    0.031	   -9.880
    0.911	    0.002	    0.064	   -0.044	    0.078	    0.043	    0.031	   -9.860
    0.910	    0.002	    0.100	   -0.146	    0.071	    0.044	    0.032	   -9.840
    0.910	    0.002	   -0.087	    0.154	    0.085	    0.045	    0.032	   -9.820
    0.909	    0.001	    0.114	   -0.177	    0.072	    0.041	    0.030	   -9.800
    0.909	    0.002	   -0.027	    0.076	    0.084	    0.045	    0.030	   -9.780
    0.909	    0.002	    0.000	    0.006	    0.078	    0.042	    0.031	   -9.760
    0.909	    0.002	    0.148	   -0.170	    0.067	    0.043	    0.031	   -9.740
    0.909	    0.002	   -0.087	    0.161	    0.085	    0.044	    0.030	   -9.720
    0.909	    0.002	    0.132	   -0.164	    0.071	    0.043	    0.031	   -9.700
    0.909	    0.002	   -0.016	    0.078	    0.080	    0.043	    0.031	   -9.680
    0.909	    0.002	   -0.072	    0.048	    0.081	    0.040	    0.029	   -9.660
    0.908	    0.002	    0.138	   -0.176	    0.069	    0.042	    0.030	   -9.640
    0.908	    0.002	   -0.071	    0.174	    0.087	    0.044	    0.031	   -9.620
    0.907	    0.002	    0.163	   -0.150	    0.069	    0.042	    0.031	   -9.600
    0.907	    0.002	   -0.018	    0.104	    0.083	    0.044	    0.030	   -9.580
    0.908	    0.002	   -0.065	    0.014	    0.079	    0.043	    0.031	   -9.560
    0.908	    0.002	    0.130	   -0.162	    0.070	    0.044	    0.032	   -9.540
    0.909	    0.002	   -0.086	    0.164	    0.086	    0.043	    0.029	   -9.520
    0.908	    0.002	    0.096	   -0.174	    0.069	    0.043	    0.031	   -9.500
    0.909	    0.002	   -0.091	    0.077	    0.082	    0.045	    0.031	   -9.480
    0.909	    0.002	    0.070	   -0.127	    0.072	    0.043	    0.032	   -9.460
    0.909	    0.002	   -0.082	    0.040	    0.080	    0.043	    0.030	   -9.440
    0.908	    0.002	    0.069	   -0.023	    0.076	    0.040	    0.029	   -9.420
    0.908	    0.002	   -0.029	   -0.109	    0.074	    0.044	    0.031	   -9.400
    0.907	    0.002	   -0.053	    0.090	    0.078	    0.040	    0.029	   -9.380
    0.908	    0.002	    0.157	   -0.155	    0.069	    0.041	    0.029	   -9.360
    0.909	    0.002	   -0.093	    0.165	    0.084	    0.045	    0.032	   -9.340
    0.909	    0.002	    0.078	   -0.157	    0.069	    0.043	    0.032	   -9.320
    0.910	    0.002	   -0.074	    0.087	    0.080	    0.041	    0.029	   -9.300
    0.910	    0.002	    0.080	   -0.096	    0.073	    0.041	    0.030	   -9.280
    0.910	    0.002	   -0.042	    0.033	    0.078	    0.044	    0.031	   -9.260
    0.910	    0.002	   -0.019	    0.043	    0.076	    0.040	    0.031	   -9.240
    0.910	    0.002	    0.063	   -0.135	    0.074	    0.043	    0.031	   -9.220
    0.910	    0.002	   -0.150	    0.136	    0.080	    0.041	    0.030	   -9.200
    0.910	    0.002	   -0.118	   -0.166	    0.074	    0.041	    0.030	   -9.180
    0.911	    0.002	    0.137	   -0.027	    0.076	    0.040	    0.028	   -9.160
    0.912	    0.002	    0.171	    0.018	    0.075	    0.040	    0.029	   -9.140
    0.912	    0.002	   -0.026	    0.095	    0.078	    0.043	    0.030	   -9.120
    0.912	    0.002	    0.053	   -0.012	    0.074	    0.041	    0.030	   -9.100
    0.912	    0.002	    0.013	   -0.078	    0.072	    0.042	    0.031	   -9.080
    0.912	    0.002	   -0.051	    0.153	    0.082	    0.043	    0.030	   -9.060
    0.912	    0.002	    0.117	   -0.170	    0.069	    0.042	    0.031	   -9.040
    0.912	    0.002	   -0.086	    0.169	    0.081	    0.042	    0.029	   -9.020
    0.913	    0.002	    0.123	   -0.163	    0.067	    0.041	    0.031	   -9.000
    0.913	    0.002	   -0.079	    0.160	    0.082	    0.041	    0.029	   -8.980
    0.914	    0.002	    0.073	   -0.119	    0.069	    0.039	    0.029	   -8.960
    0.914	    0.002	   -0.042	    0.056	    0.077	    0.042	    0.028	   -8.940
    0.914	    0.002	    0.015	    0.038	    0.075	    0.039	    0.029	   -8.920
    0.914	    0.002	    0.063	   -0.118	    0.072	    0.041	    0.029	   -8.900
    0.914	    0.002	   -0.102	    0.172	    0.082	    0.042	    0.029	   -8.880
    0.914	    0.002	    0.111	   -0.177	    0.067	    0.041	    0.029	   -8.860
    0.914	    0.002	   -0.081	    0.162	    0.083	    0.041	    0.028	   -8.840
    0.914	    0.002	    0.117	   -0.089	    0.068	    0.039	    0.029	   -8.820
    0.915	    0.002	   -0.036	    0.091	    0.078	    0.042	    0.029	   -8.800
    0.916	    0.002	    0.082	    0.005	    0.073	    0.038	    0.028	   -8.780
    0.916	    0.002	    0.054	   -0.074	    0.072	    0.044	    0.031	   -8.760
    0.916	    0.002	   -0.052	    0.164	    0.080	    0.042	    0.030	   -8.740
    0.916	    0.002	    0.054	   -0.172	    0.071	    0.042	    0.031	   -8.720
    0.915	    0.002	   -0.132	    0.149	    0.083	    0.043	    0.031	   -8.700
    0.916	    0.002	    0.094	   -0.188	    0.067	    0.043	    0.031	   -8.680
    0.915	    0.002	   -0.089	    0.142	    0.081	    0.042	    0.028	   -8.660
    0.915	    0.002	    0.081	   -0.081	    0.070	    0.039	    0.028	   -8.640
    0.915	    0.002	   -0.051	    0.038	    0.081	    0.044	    0.030	   -8.620
    0.915	    0.002	   -0.003	    0.049	    0.075	    0.041	    0.028	   -8.600
    0.916	    0.002	    0.114	   -0.137	    0.068	    0.041	    0.029	   -8.580
    0.916	    0.002	   -0.085	    0.167	    0.083	    0.041	    0.028	   -8.560
    0.916	    0.002	    0.138	   -0.157	    0.069	    0.042	    0.030	   -8.540
    0.915	    0.002	   -0.074	    0.181	    0.081	    0.040	    0.028	   -8.520
    0.915	    0.002	    0.096	   -0.114	    0.071	    0.042	    0.031	   -8.500
    0.915	    0.002	   -0.029	    0.086	    0.078	    0.044	    0.031	   -8.480
    0.915	    0.002	   -0.060	    0.022	    0.076	    0.040	    0.030	   -8.460
    0.915	    0.002	    0.142	   -0.144	    0.067	    0.039	    0.029	   -8.440
    0.915	    0.002	   -0.087	    0.191	    0.083	    0.044	    0.031	   -8.420
    0.915	    0.002	    0.139	   -0.151	    0.068	    0.040	    0.031	   -8.400
    0.915	    0.002	   -0.085	    0.167	    0.086	    0.044	    0.031	   -8.380
    0.915	    0.002	    0.100	   -0.137	    0.072	    0.041	    0.031	   -8.360
    0.915	    0.002	   -0.060	    0.119	    0.081	    0.042	    0.030	   -8.340
    0.915	    0.002	    0.059	   -0.084	    0.070	    0.041	    0.031	   -8.320
    0.914	    0.002	   -0.042	    0.015	    0.079	    0.043	    0.030	   -8.300
    0.913	    0.002	   -0.013	    0.071	    0.077	    0.041	    0.029	   -8.280
    0.913	    0.002	    0.098	   -0.148	    0.072	    0.042	    0.031	   -8.260
    0.913	    0.002	   -0.105	    0.173	    0.083	    0.043	    0.030	   -8.240
    0.913	    0.002	    0.119	   -0.169	    0.067	    0.041	    0.030	   -8.220
    0.912	    0.002	   -0.076	    0.172	    0.086	    0.042	    0.029	   -8.200
    0.912	    0.002	   -0.017	   -0.117	    0.072	    0.044	    0.033	   -8.180
    0.913	    0.002	    0.147	   -0.110	    0.067	    0.040	    0.030	   -8.160
    0.912	    0.002	    0.076	    0.128	    0.078	    0.038	    0.028	   -8.140
    0.911	    0.002	   -0.074	    0.118	    0.080	    0.042	    0.031	   -8.120
    0.910	    0.002	   -0.005	   -0.013	    0.075	    0.041	    0.030	   -8.100
    0.910	    0.001	    0.116	    0.104	    0.078	    0.044	    0.031	   -8.080
    0.909	    0.002	    0.080	    0.052	    0.077	    0.042	    0.028	   -8.060
    0.909	    0.002	    0.032	   -0.007	    0.075	    0.043	    0.032	   -8.040
    0.909	    0.001	   -0.148	    0.000	    0.079	    0.044	    0.032	   -8.020
    0.909	    0.001	   -0.199	   -0.025	    0.083	    0.042	    0.031	   -8.000
    0.909	    0.002	    0.032	   -0.180	    0.072	    0.043	    0.031	   -7.980
    0.909	    0.002	    0.129	   -0.031	    0.071	    0.042	    0.031	   -7.960
    0.907	    0.002	    0.161	    0.105	    0.075	    0.042	    0.030	   -7.940
    0.907	    0.002	   -0.127	    0.095	    0.086	    0.044	    0.032	   -7.920
    0.906	    0.002	   -0.211	   -0.118	    0.078	    0.041	    0.031	   -7.900
    0.906	    0.002	   -0.070	   -0.165	    0.077	    0.042	    0.030	   -7.880
    0.906	    0.002	    0.153	   -0.111	    0.070	    0.043	    0.031	   -7.860
    0.907	    0.002	    0.209	    0.121	    0.073	    0.044	    0.031	   -7.840
    0.906	    0.002	    0.135	    0.106	    0.077	    0.044	    0.031	   -7.820
    0.905	    0.002	    0.010	    0.081	    0.080	    0.045	    0.031	   -7.800
    0.905	    0.002	   -0.203	    0.058	    0.083	    0.044	    0.032	   -7.780
    0.905	    0.002	   -0.227	   -0.186	    0.078	    0.041	    0.031	   -7.760
    0.904	    0.002	    0.110	   -0.117	    0.072	    0.041	    0.029	   -7.740
    0.904	    0.002	    0.016	    0.092	    0.078	    0.045	    0.031	   -7.720
    0.905	    0.002	   -0.104	    0.144	    0.083	    0.042	    0.029	   -7.700
    0.905	    0.002	    0.116	   -0.163	    0.069	    0.042	    0.031	   -7.680
    0.905	    0.002	   -0.074	    0.105	    0.081	    0.044	    0.032	   -7.660
    0.905	    0.002	   -0.085	   -0.091	    0.078	    0.044	    0.032	   -7.640
    0.905	    0.001	    0.137	   -0.155	    0.068	    0.042	    0.030	   -7.620
    0.905	    0.002	   -0.070	    0.188	    0.085	    0.043	    0.031	   -7.600
    0.905	    0.002	    0.125	   -0.121	    0.067	    0.041	    0.032	   -7.580
    0.904	    0.002	    0.031	    0.121	    0.079	    0.042	    0.028	   -7.560
    0.905	    0.002	   -0.119	    0.066	    0.083	    0.043	    0.031	   -7.540
    0.905	    0.002	    0.118	   -0.146	    0.070	    0.043	    0.031	   -7.520
    0.905	    0.002	   -0.053	    0.155	    0.080	    0.042	    0.031	   -7.500
    0.905	    0.002	    0.063	   -0.083	    0.073	    0.042	    0.031	   -7.480
    0.906	    0.002	    0.107	   -0.017	    0.075	    0.044	    0.031	   -7.460
    0.906	    0.002	   -0.106	    0.167	    0.082	    0.045	    0.032	   -7.440
    0.905	    0.002	    0.080	   -0.166	    0.069	    0.041	    0.031	   -7.420
    0.905	    0.001	   -0.072	    0.066	    0.081	    0.045	    0.031	   -7.400
    0.905	    0.002	   -0.148	    0.058	    0.081	    0.044	    0.032	   -7.380
    0.905	    0.002	    0.086	   -0.186	    0.067	    0.043	    0.033	   -7.360
    0.905	    0.002	   -0.076	    0.128	    0.086	    0.042	    0.030	   -7.340
    0.906	    0.002	    0.096	   -0.080	    0.070	    0.043	    0.031	   -7.320
    0.906	    0.002	   -0.053	    0.029	    0.076	    0.045	    0.031	   -7.300
    0.907	    0.002	   -0.103	    0.050	    0.081	    0.042	    0.029	   -7.280
    0.908	    0.002	    0.092	   -0.141	    0.070	    0.041	    0.031	   -7.260
    0.907	    0.002	    0.216	    0.120	    0.074	    0.042	    0.029	   -7.240
    0.909	    0.002	   -0.094	    0.128	    0.083	    0.044	    0.031	   -7.220
    0.908	    0.002	   -0.203	   -0.123	    0.078	    0.043	    0.033	   -7.200
    0.908	    0.002	    0.048	   -0.134	    0.073	    0.041	    0.028	   -7.180
    0.908	    0.002	    0.183	   -0.022	    0.069	    0.041	    0.029	   -7.160
    0.909	    0.002	    0.042	    0.162	    0.079	    0.042	    0.030	   -7.140
    0.910	    0.002	   -0.170	    0.078	    0.084	    0.042	    0.032	   -7.120
    0.911	    0.002	   -0.100	   -0.173	    0.075	    0.044	    0.031	   -7.100
    0.911	    0.002	   -0.092	   -0.135	    0.074	    0.039	    0.030	   -7.080
    0.912	    0.002	   -0.047	   -0.075	    0.078	    0.042	    0.029	   -7.060
    0.912	    0.002	    0.192	   -0.007	    0.070	    0.041	    0.030	   -7.040
    0.912	    0.002	    0.196	    0.069	    0.075	    0.043	    0.030	   -7.020
    0.912	    0.002	    0.240	    0.137	    0.074	    0.045	    0.031	   -7.000
    0.914	    0.002	   -0.052	    0.186	    0.082	    0.045	    0.032	   -6.980
    0.913	    0.002	   -0.140	   -0.088	    0.077	    0.042	    0.031	   -6.960
    0.913	    0.002	    0.116	   -0.136	    0.069	    0.041	    0.030	   -6.940
    0.912	    0.002	    0.193	    0.066	    0.072	    0.044	    0.031	   -6.920
    0.912	    0.002	   -0.040	    0.144	    0.081	    0.043	    0.030	   -6.900
    0.913	    0.002	   -0.145	   -0.019	    0.081	    0.047	    0.034	   -6.880
    0.913	    0.002	    0.058	   -0.103	    0.070	    0.041	    0.031	   -6.860
    0.913	    0.002	    0.154	   -0.067	    0.074	    0.041	    0.029	   -6.840
    0.913	    0.002	    0.008	    0.154	    0.080	    0.043	    0.029	   -6.820
    0.914	    0.002	   -0.139	    0.099	    0.082	    0.043	    0.031	   -6.800
    0.914	    0.002	   -0.071	   -0.105	    0.074	    0.041	    0.029	   -6.780
    0.914	    0.002	    0.148	   -0.131	    0.069	    0.042	    0.030	   -6.760
    0.913	    0.002	    0.211	    0.147	    0.071	    0.041	    0.029	   -6.740
    0.913	    0.002	   -0.060	    0.135	    0.082	    0.044	    0.032	   -6.720
    0.913	    0.002	   -0.154	   -0.005	    0.080	    0.042	    0.031	   -6.700
    0.914	    0.002	   -0.147	   -0.153	    0.080	    0.044	    0.032	   -6.680
    0.913	    0.002	    0.165	   -0.097	    0.067	    0.039	    0.028	   -6.660
    0.915	    0.002	    0.186	    0.146	    0.077	    0.044	    0.031	   -6.640
    0.914	    0.002	    0.109	    0.109	    0.075	    0.042	    0.031	   -6.620
    0.914	    0.002	    0.106	   -0.036	    0.075	    0.045	    0.034	   -6.600
    0.913	    0.002	   -0.134	    0.119	    0.085	    0.044	    0.031	   -6.580
    0.915	    0.002	    0.023	   -0.138	    0.074	    0.044	    0.032	   -6.560
    0.913	    0.002	    0.115	   -0.003	    0.074	    0.043	    0.031	   -6.540
    0.913	    0.002	   -0.095	    0.131	    0.086	    0.044	    0.031	   -6.520
    0.914	    0.002	   -0.003	   -0.099	    0.078	    0.042	    0.030	   -6.500
    0.914	    0.002	    0.101	   -0.122	    0.068	    0.041	    0.030	   -6.480
    0.914	    0.002	   -0.128	    0.141	    0.085	    0.045	    0.031	   -6.460
    0.914	    0.001	    0.085	   -0.181	    0.067	    0.045	    0.033	   -6.440
    0.914	    0.002	   -0.082	    0.107	    0.080	    0.042	    0.030	   -6.420
    0.913	    0.002	   -0.170	   -0.115	    0.077	    0.043	    0.033	   -6.400
    0.912	    0.002	    0.119	   -0.119	    0.073	    0.041	    0.029	   -6.380
    0.912	    0.002	    0.222	    0.106	    0.073	    0.045	    0.030	   -6.360
    0.912	    0.002	   -0.027	    0.110	    0.081	    0.045	    0.033	   -6.340
    0.912	    0.002	    0.134	    0.058	    0.076	    0.042	    0.031	   -6.320
    0.911	    0.002	    0.104	    0.076	    0.081	    0.044	    0.031	   -6.300
    0.910	    0.002	   -0.046	    0.028	    0.077	    0.045	    0.032	   -6.280
    0.910	    0.002	    0.038	    0.011	    0.075	    0.044	    0.032	   -6.260
    0.909	    0.002	   -0.224	    0.046	    0.084	    0.043	    0.033	   -6.240
    0.909	    0.002	   -0.087	   -0.186	    0.077	    0.043	    0.030	   -6.220
    0.909	    0.002	    0.116	   -0.150	    0.073	    0.041	    0.030	   -6.200
    0.910	    0.002	    0.202	    0.106	    0.075	    0.042	    0.029	   -6.180
    0.910	    0.002	   -0.089	    0.144	    0.084	    0.044	    0.032	   -6.160
    0.909	    0.002	   -0.183	   -0.105	    0.079	    0.042	    0.031	   -6.140
    0.909	    0.002	    0.082	   -0.086	    0.072	    0.040	    0.029	   -6.120
    0.909	    0.002	    0.135	   -0.034	    0.071	    0.042	    0.030	   -6.100
    0.907	    0.002	    0.188	    0.085	    0.075	    0.043	    0.031	   -6.080
    0.907	    0.002	   -0.073	    0.129	    0.083	    0.046	    0.033	   -6.060
    0.907	    0.002	   -0.155	   -0.038	    0.079	    0.042	    0.032	   -6.040
    0.906	    0.002	   -0.019	   -0.095	    0.074	    0.041	    0.029	   -6.020
    0.906	    0.002	    0.137	   -0.103	    0.071	    0.044	    0.032	   -6.000
    0.907	    0.002	    0.227	    0.147	    0.074	    0.043	    0.029	   -5.980
    0.906	    0.002	   -0.094	    0.164	    0.082	    0.044	    0.032	   -5.960
    0.906	    0.002	    0.029	   -0.114	    0.078	    0.044	    0.032	   -5.940
    0.906	    0.002	    0.130	   -0.109	    0.071	    0.046	    0.032	   -5.920
    0.905	    0.002	    0.182	    0.152	    0.076	    0.041	    0.030	   -5.900
    0.905	    0.002	   -0.149	    0.124	    0.085	    0.044	    0.032	   -5.880
    0.905	    0.002	    0.044	   -0.168	    0.072	    0.044	    0.032	   -5.860
    0.905	    0.002	    0.151	    0.067	    0.076	    0.045	    0.031	   -5.840
    0.905	    0.002	   -0.149	    0.076	    0.086	    0.043	    0.031	   -5.820
    0.906	    0.002	   -0.013	   -0.156	    0.073	    0.042	    0.031	   -5.800
    0.906	    0.002	    0.113	   -0.115	    0.071	    0.046	    0.032	   -5.780
    0.907	    0.002	   -0.122	    0.126	    0.083	    0.042	    0.030	   -5.760
    0.905	    0.002	    0.071	   -0.170	    0.074	    0.043	    0.031	   -5.740
    0.905	    0.002	   -0.084	    0.093	    0.081	    0.045	    0.032	   -5.720
    0.905	    0.002	    0.053	   -0.098	    0.072	    0.044	    0.032	   -5.700
    0.905	    0.002	   -0.052	    0.034	    0.082	    0.044	    0.031	   -5.680
    0.905	    0.002	    0.060	    0.055	    0.077	    0.042	    0.031	   -5.660
    0.906	    0.002	    0.075	   -0.055	    0.078	    0.046	    0.031	   -5.640
    0.906	    0.002	   -0.135	    0.146	    0.084	    0.046	    0.033	   -5.620
    0.907	    0.002	    0.104	   -0.162	    0.072	    0.045	    0.032	   -5.600
    0.906	    0.002	   -0.081	    0.099	    0.081	    0.042	    0.031	   -5.580
    0.907	    0.002	    0.054	   -0.082	    0.071	    0.042	    0.031	   -5.560
    0.907	    0.002	   -0.012	   -0.014	    0.078	    0.043	    0.030	   -5.540
    0.907	    0.002	    0.007	    0.113	    0.079	    0.043	    0.031	   -5.520
    0.906	    0.002	    0.135	   -0.158	    0.070	    0.042	    0.031	   -5.500
    0.907	    0.002	   -0.061	    0.188	    0.084	    0.042	    0.030	   -5.480
    0.906	    0.002	    0.109	   -0.112	    0.072	    0.042	    0.031	   -5.460
    0.906	    0.002	   -0.047	    0.087	    0.083	    0.046	    0.033	   -5.440
    0.907	    0.002	    0.033	   -0.023	    0.078	    0.042	    0.031	   -5.420
    0.908	    0.002	    0.063	   -0.067	    0.074	    0.044	    0.031	   -5.400
    0.907	    0.002	   -0.042	    0.154	    0.082	    0.043	    0.030	   -5.380
    0.909	    0.002	    0.135	   -0.161	    0.069	    0.043	    0.032	   -5.360
    0.908	    0.002	   -0.067	    0.168	    0.082	    0.043	    0.032	   -5.340
    0.907	    0.002	    0.088	   -0.106	    0.074	    0.043	    0.032	   -5.320
    0.908	    0.002	   -0.059	    0.078	    0.081	    0.045	    0.031	   -5.300
    0.907	    0.002	    0.058	    0.053	    0.078	    0.043	    0.031	   -5.280
    0.908	    0.002	    0.117	   -0.114	    0.074	    0.044	    0.031	   -5.260
    0.909	    0.002	   -0.118	    0.160	    0.086	    0.044	    0.032	   -5.240
    0.908	    0.002	    0.100	   -0.132	    0.071	    0.044	    0.033	   -5.220
    0.909	    0.002	   -0.062	    0.085	    0.081	    0.045	    0.033	   -5.200
    0.909	    0.002	    0.025	    0.002	    0.081	    0.042	    0.030	   -5.180
    0.910	    0.001	    0.085	   -0.085	    0.073	    0.045	    0.033	   -5.160
    0.909	    0.002	   -0.055	    0.171	    0.081	    0.043	    0.031	   -5.140
    0.909	    0.002	    0.137	   -0.156	    0.068	    0.042	    0.031	   -5.120
    0.908	    0.002	   -0.068	    0.157	    0.088	    0.047	    0.033	   -5.100
    0.909	    0.002	   -0.097	   -0.081	    0.080	    0.043	    0.033	   -5.080
    0.909	    0.002	    0.112	   -0.055	    0.072	    0.041	    0.030	   -5.060
    0.909	    0.002	    0.066	    0.004	    0.076	    0.044	    0.033	   -5.040
    0.910	    0.002	   -0.009	    0.148	    0.081	    0.043	    0.030	   -5.020
    0.910	    0.002	    0.172	   -0.132	    0.069	    0.043	    0.032	   -5.000
    0.910	    0.002	   -0.066	    0.172	    0.085	    0.044	    0.032	   -4.980
    0.909	    0.002	    0.085	   -0.098	    0.073	    0.044	    0.032	   -4.960
    0.911	    0.001	   -0.017	    0.080	    0.080	    0.046	    0.032	   -4.940
    0.910	    0.002	    0.022	    0.101	    0.082	    0.042	    0.031	   -4.920
    0.909	    0.001	    0.125	   -0.152	    0.070	    0.043	    0.031	   -4.900
    0.910	    0.002	   -0.091	    0.186	    0.085	    0.044	    0.031	   -4.880
    0.911	    0.001	    0.158	   -0.131	    0.073	    0.044	    0.032	   -4.860
    0.910	    0.002	   -0.087	    0.107	    0.081	    0.042	    0.030	   -4.840
    0.911	    0.002	   -0.044	   -0.040	    0.077	    0.045	    0.032	   -4.820
    0.911	    0.002	    0.146	   -0.122	    0.070	    0.044	    0.033	   -4.800
    0.911	    0.002	   -0.084	    0.186	    0.084	    0.045	    0.031	   -4.780
    0.912	    0.002	    0.145	   -0.124	    0.072	    0.043	    0.032	   -4.760
    0.911	    0.002	    0.009	    0.101	    0.081	    0.048	    0.034	   -4.740
    0.912	    0.002	   -0.053	    0.100	    0.081	    0.044	    0.033	   -4.720
    0.911	    0.002	    0.114	   -0.179	    0.069	    0.042	    0.030	   -4.700
    0.912	    0.002	   -0.087	    0.166	    0.085	    0.042	    0.029	   -4.680
    0.912	    0.002	    0.122	   -0.146	    0.069	    0.045	    0.033	   -4.660
    0.912	    0.002	   -0.071	    0.110	    0.082	    0.044	    0.031	   -4.640
    0.912	    0.001	    0.089	   -0.000	    0.075	    0.041	    0.030	   -4.620
    0.912	    0.002	    0.133	   -0.071	    0.072	    0.045	    0.032	   -4.600
    0.912	    0.002	   -0.105	    0.174	    0.085	    0.046	    0.032	   -4.580
    0.912	    0.002	    0.160	   -0.137	    0.071	    0.042	    0.030	   -4.560
    0.912	    0.002	   -0.058	    0.130	    0.086	    0.045	    0.033	   -4.540
    0.911	    0.002	    0.027	   -0.050	    0.076	    0.042	    0.031	   -4.520
    0.912	    0.002	    0.130	   -0.106	    0.071	    0.044	    0.031	   -4.500
    0.911	    0.002	   -0.079	    0.192	    0.085	    0.045	    0.031	   -4.480
    0.910	    0.002	    0.146	   -0.142	    0.070	    0.045	    0.032	   -4.460
    0.911	    0.002	   -0.063	    0.160	    0.079	    0.042	    0.031	   -4.440
    0.911	    0.001	    0.100	   -0.044	    0.074	    0.042	    0.031	   -4.420
    0.911	    0.002	    0.062	    0.019	    0.076	    0.045	    0.031	   -4.400
    0.911	    0.002	   -0.106	    0.160	    0.085	    0.045	    0.033	   -4.380
    0.910	    0.002	    0.113	   -0.179	    0.069	    0.043	    0.031	   -4.360
    0.909	    0.002	    0.139	    0.144	    0.080	    0.045	    0.031	   -4.340
    0.910	    0.002	   -0.094	    0.020	    0.083	    0.047	    0.034	   -4.320
    0.909	    0.002	   -0.056	    0.002	    0.079	    0.042	    0.031	   -4.300
    0.909	    0.002	    0.103	   -0.143	    0.073	    0.044	    0.031	   -4.280
    0.910	    0.002	   -0.125	    0.152	    0.087	    0.045	    0.031	   -4.260
    0.910	    0.002	    0.105	   -0.162	    0.067	    0.041	    0.031	   -4.240
    0.910	    0.002	   -0.050	    0.105	    0.086	    0.046	    0.031	   -4.220
    0.909	    0.002	    0.042	    0.001	    0.077	    0.042	    0.031	   -4.200
    0.909	    0.002	    0.102	   -0.090	    0.073	    0.043	    0.032	   -4.180
    0.909	    0.002	   -0.126	    0.158	    0.085	    0.044	    0.032	   -4.160
    0.909	    0.002	    0.088	   -0.161	    0.071	    0.040	    0.030	   -4.140
    0.908	    0.002	   -0.034	    0.095	    0.083	    0.047	    0.031	   -4.120
    0.909	    0.002	   -0.063	    0.072	    0.081	    0.045	    0.033	   -4.100
    0.909	    0.002	    0.135	   -0.150	    0.067	    0.041	    0.030	   -4.080
    0.909	    0.002	   -0.033	    0.150	    0.087	    0.046	    0.031	   -4.060
    0.910	    0.002	    0.064	   -0.048	    0.074	    0.042	    0.031	   -4.040
    0.910	    0.002	    0.147	   -0.093	    0.070	    0.044	    0.031	   -4.020
    0.910	    0.002	   -0.063	    0.174	    0.084	    0.046	    0.033	   -4.000
    0.909	    0.002	    0.065	   -0.085	    0.073	    0.043	    0.032	   -3.980
    0.910	    0.002	    0.054	    0.015	    0.075	    0.045	    0.032	   -3.960
    0.908	    0.002	    0.159	    0.109	    0.077	    0.042	    0.030	   -3.940
    0.909	    0.002	   -0.154	    0.054	    0.082	    0.044	    0.032	   -3.920
    0.909	    0.002	   -0.023	   -0.115	    0.074	    0.039	    0.029	   -3.900
    0.910	    0.002	    0.118	   -0.121	    0.071	    0.044	    0.031	   -3.880
    0.909	    0.002	   -0.117	    0.161	    0.083	    0.045	    0.032	   -3.860
    0.909	    0.001	    0.052	   -0.172	    0.072	    0.043	    0.032	   -3.840
    0.909	    0.002	   -0.072	    0.048	    0.082	    0.045	    0.032	   -3.820
    0.909	    0.002	   -0.119	    0.053	    0.079	    0.044	    0.032	   -3.800
    0.908	    0.002	    0.127	   -0.171	    0.068	    0.041	    0.030	   -3.780
    0.909	    0.002	   -0.099	    0.150	    0.085	    0.046	    0.033	   -3.760
    0.909	    0.002	    0.092	   -0.102	    0.073	    0.039	    0.031	   -3.740
    0.909	    0.002	   -0.035	    0.094	    0.080	    0.045	    0.031	   -3.720
    0.909	    0.002	   -0.051	    0.046	    0.080	    0.041	    0.030	   -3.700
    0.910	    0.002	    0.150	   -0.151	    0.072	    0.045	    0.032	   -3.680
    0.909	    0.002	   -0.073	    0.179	    0.086	    0.045	    0.031	   -3.660
    0.909	    0.002	   -0.004	   -0.114	    0.079	    0.042	    0.030	   -3.640
    0.909	    0.002	    0.149	   -0.079	    0.075	    0.044	    0.031	   -3.620
    0.909	    0.002	   -0.099	    0.182	    0.085	    0.045	    0.032	   -3.600
    0.908	    0.002	    0.103	   -0.120	    0.073	    0.041	    0.030	   -3.580
    0.909	    0.002	   -0.000	    0.097	    0.080	    0.045	    0.031	   -3.560
    0.909	    0.002	   -0.058	    0.077	    0.081	    0.044	    0.031	   -3.540
    0.910	    0.002	    0.145	   -0.153	    0.068	    0.042	    0.031	   -3.520
    0.909	    0.002	   -0.050	    0.174	    0.084	    0.040	    0.028	   -3.500
    0.910	    0.002	    0.091	   -0.074	    0.073	    0.044	    0.031	   -3.480
    0.909	    0.002	    0.029	    0.075	    0.077	    0.044	    0.032	   -3.460
    0.910	    0.002	   -0.117	    0.126	    0.082	    0.043	    0.031	   -3.440
    0.909	    0.002	    0.111	   -0.168	    0.069	    0.042	    0.030	   -3.420
    0.909	    0.002	   -0.059	    0.130	    0.083	    0.041	    0.028	   -3.400
    0.909	    0.002	    0.073	   -0.085	    0.072	    0.042	    0.031	   -3.380
    0.909	    0.002	    0.070	    0.016	    0.077	    0.042	    0.030	   -3.360
    0.909	    0.002	   -0.108	    0.163	    0.086	    0.043	    0.031	   -3.340
    0.909	    0.002	    0.094	   -0.179	    0.067	    0.044	    0.034	   -3.320
    0.911	    0.002	   -0.109	    0.125	    0.082	    0.045	    0.031	   -3.300
    0.911	    0.002	    0.061	   -0.128	    0.071	    0.041	    0.031	   -3.280
    0.911	    0.002	    0.014	    0.017	    0.076	    0.045	    0.033	   -3.260
    0.911	    0.002	   -0.113	    0.122	    0.081	    0.043	    0.031	   -3.240
    0.911	    0.002	    0.091	   -0.195	    0.070	    0.043	    0.031	   -3.220
    0.910	    0.002	   -0.111	    0.136	    0.085	    0.044	    0.031	   -3.200
    0.911	    0.002	   -0.033	   -0.138	    0.072	    0.043	    0.032	   -3.180
    0.911	    0.002	    0.140	   -0.116	    0.069	    0.042	    0.031	   -3.160
    0.911	    0.002	   -0.097	    0.159	    0.085	    0.045	    0.031	   -3.140
    0.913	    0.001	    0.061	   -0.143	    0.074	    0.044	    0.032	   -3.120
    0.912	    0.001	    0.009	    0.066	    0.076	    0.044	    0.030	   -3.100
    0.912	    0.002	   -0.049	    0.079	    0.084	    0.043	    0.031	   -3.080
    0.912	    0.002	    0.139	   -0.151	    0.071	    0.043	    0.031	   -3.060
    0.912	    0.002	   -0.113	    0.154	    0.083	    0.044	    0.031	   -3.040
    0.912	    0.002	    0.104	   -0.143	    0.072	    0.043	    0.031	   -3.020
    0.912	    0.002	   -0.086	    0.060	    0.081	    0.046	    0.032	   -3.000
    0.912	    0.002	    0.032	   -0.065	    0.076	    0.043	    0.031	   -2.980
    0.912	    0.002	    0.078	   -0.060	    0.071	    0.043	    0.031	   -2.960
    0.913	    0.002	   -0.130	    0.149	    0.088	    0.044	    0.031	   -2.940
    0.913	    0.002	    0.105	   -0.154	    0.070	    0.043	    0.032	   -2.920
    0.914	    0.002	   -0.038	    0.088	    0.078	    0.045	    0.031	   -2.900
    0.913	    0.002	    0.114	   -0.003	    0.075	    0.042	    0.031	   -2.880
    0.914	    0.002	   -0.141	    0.138	    0.084	    0.043	    0.031	   -2.860
    0.913	    0.002	    0.039	   -0.178	    0.068	    0.040	    0.031	   -2.840
    0.913	    0.002	    0.033	    0.034	    0.075	    0.044	    0.031	   -2.820
    0.914	    0.002	   -0.108	    0.102	    0.083	    0.042	    0.030	   -2.800
    0.914	    0.002	    0.092	   -0.196	    0.069	    0.043	    0.032	   -2.780
    0.914	    0.002	   -0.096	    0.140	    0.083	    0.041	    0.028	   -2.760
    0.915	    0.002	    0.067	   -0.112	    0.071	    0.043	    0.031	   -2.740
    0.916	    0.002	    0.056	    0.070	    0.078	    0.044	    0.030	   -2.720
    0.916	    0.002	   -0.137	    0.140	    0.084	    0.043	    0.030	   -2.700
    0.916	    0.002	    0.080	   -0.200	    0.069	    0.043	    0.031	   -2.680
    0.916	    0.002	   -0.117	    0.116	    0.083	    0.045	    0.032	   -2.660
    0.917	    0.002	   -0.025	   -0.128	    0.076	    0.043	    0.033	   -2.640
    0.917	    0.002	    0.147	   -0.075	    0.074	    0.042	    0.031	   -2.620
    0.917	    0.002	   -0.048	    0.140	    0.084	    0.044	    0.031	   -2.600
    0.917	    0.002	   -0.055	    0.034	    0.078	    0.042	    0.031	   -2.580
    0.918	    0.002	    0.137	   -0.156	    0.067	    0.043	    0.031	   -2.560
    0.918	    0.002	   -0.071	    0.179	    0.089	    0.045	    0.030	   -2.540
    0.919	    0.002	    0.107	   -0.104	    0.075	    0.043	    0.032	   -2.520
    0.918	    0.002	   -0.039	    0.075	    0.079	    0.043	    0.030	   -2.500
    0.919	    0.002	   -0.078	    0.026	    0.079	    0.041	    0.029	   -2.480
    0.918	    0.002	    0.138	   -0.146	    0.067	    0.041	    0.030	   -2.460
    0.917	    0.002	   -0.132	    0.154	    0.085	    0.045	    0.033	   -2.440
    0.917	    0.001	    0.076	   -0.138	    0.067	    0.043	    0.033	   -2.420
    0.917	    0.002	   -0.055	    0.083	    0.079	    0.043	    0.031	   -2.400
    0.918	    0.002	    0.031	   -0.026	    0.077	    0.043	    0.031	   -2.380
    0.918	    0.002	    0.154	   -0.055	    0.069	    0.042	    0.031	   -2.360
    0.918	    0.002	   -0.114	    0.151	    0.083	    0.043	    0.029	   -2.340
    0.919	    0.002	    0.051	   -0.140	    0.070	    0.041	    0.030	   -2.320
    0.918	    0.002	    0.001	    0.054	    0.077	    0.044	    0.031	   -2.300
    0.918	    0.002	   -0.088	    0.116	    0.080	    0.042	    0.031	   -2.280
    0.919	    0.002	    0.105	   -0.156	    0.070	    0.043	    0.031	   -2.260
    0.918	    0.002	   -0.081	    0.137	    0.083	    0.042	    0.029	   -2.240
    0.918	    0.002	    0.030	   -0.112	    0.070	    0.044	    0.032	   -2.220
    0.918	    0.002	    0.124	   -0.095	    0.071	    0.041	    0.028	   -2.200
    0.918	    0.002	   -0.107	    0.151	    0.085	    0.043	    0.030	   -2.180
    0.919	    0.002	   -0.179	   -0.156	    0.080	    0.045	    0.032	   -2.160
    0.919	    0.002	    0.204	   -0.108	    0.071	    0.042	    0.028	   -2.140
    0.920	    0.002	   -0.032	    0.150	    0.081	    0.040	    0.027	   -2.120
    0.920	    0.002	   -0.116	   -0.055	    0.078	    0.042	    0.031	   -2.100
    0.920	    0.002	    0.187	   -0.114	    0.070	    0.042	    0.030	   -2.080
    0.919	    0.002	    0.009	    0.184	    0.081	    0.041	    0.029	   -2.060
    0.920	    0.002	   -0.103	    0.009	    0.079	    0.042	    0.031	   -2.040
    0.919	    0.002	    0.205	   -0.111	    0.068	    0.043	    0.030	   -2.020
    0.920	    0.002	   -0.046	    0.173	    0.083	    0.043	    0.029	   -2.000
    0.921	    0.002	   -0.018	   -0.079	    0.078	    0.043	    0.031	   -1.980
    0.921	    0.002	    0.157	   -0.108	    0.069	    0.043	    0.031	   -1.960
    0.921	    0.002	   -0.101	    0.174	    0.080	    0.041	    0.030	   -1.940
    0.921	    0.002	    0.081	   -0.107	    0.070	    0.040	    0.031	   -1.920
    0.920	    0.002	    0.098	    0.006	    0.074	    0.043	    0.031	   -1.900
    0.919	    0.002	   -0.111	    0.161	    0.081	    0.042	    0.031	   -1.880
    0.919	    0.002	    0.077	   -0.169	    0.069	    0.042	    0.031	   -1.860
    0.920	    0.002	   -0.049	    0.101	    0.083	    0.044	    0.030	   -1.840
    0.920	    0.002	   -0.139	   -0.027	    0.080	    0.042	    0.031	   -1.820
    0.919	    0.002	    0.155	   -0.127	    0.068	    0.041	    0.029	   -1.800
    0.919	    0.002	   -0.026	    0.159	    0.081	    0.045	    0.031	   -1.780
    0.919	    0.002	    0.076	   -0.058	    0.076	    0.046	    0.033	   -1.760
    0.919	    0.002	    0.029	   -0.020	    0.076	    0.044	    0.031	   -1.740
    0.920	    0.002	   -0.101	    0.139	    0.088	    0.045	    0.030	   -1.720
    0.919	    0.002	    0.160	   -0.138	    0.073	    0.043	    0.031	   -1.700
    0.919	    0.002	   -0.045	    0.141	    0.081	    0.043	    0.030	   -1.680
    0.918	    0.002	    0.027	   -0.064	    0.074	    0.042	    0.030	   -1.660
    0.916	    0.001	    0.184	   -0.061	    0.072	    0.043	    0.031	   -1.640
    0.916	    0.002	   -0.106	    0.153	    0.083	    0.045	    0.031	   -1.620
    0.917	    0.002	    0.042	   -0.130	    0.072	    0.044	    0.031	   -1.600
    0.918	    0.002	   -0.017	    0.020	    0.077	    0.043	    0.030	   -1.580
    0.918	    0.002	   -0.128	    0.067	    0.083	    0.042	    0.031	   -1.560
    0.918	    0.002	    0.142	   -0.142	    0.069	    0.042	    0.030	   -1.540
    0.917	    0.002	   -0.039	    0.125	    0.084	    0.043	    0.030	   -1.520
    0.917	    0.002	   -0.097	   -0.057	    0.079	    0.043	    0.031	   -1.500
    0.916	    0.002	    0.159	   -0.117	    0.070	    0.042	    0.030	   -1.480
    0.916	    0.002	   -0.063	    0.174	    0.079	    0.042	    0.029	   -1.460
    0.917	    0.002	    0.107	   -0.061	    0.073	    0.043	    0.030	   -1.440
    0.916	    0.002	    0.010	    0.032	    0.080	    0.044	    0.031	   -1.420
    0.917	    0.002	    0.144	   -0.127	    0.071	    0.042	    0.030	   -1.400
    0.917	    0.002	   -0.083	    0.147	    0.083	    0.044	    0.031	   -1.380
    0.917	    0.002	    0.035	   -0.110	    0.071	    0.041	    0.030	   -1.360
    0.917	    0.002	    0.021	   -0.031	    0.072	    0.042	    0.031	   -1.340
    0.917	    0.002	   -0.114	    0.115	    0.084	    0.041	    0.028	   -1.320
    0.918	    0.001	    0.107	   -0.151	    0.067	    0.041	    0.030	   -1.300
    0.916	    0.003	   -0.026	    0.121	    0.079	    0.044	    0.030	   -1.280
    0.917	    0.002	   -0.117	   -0.009	    0.079	    0.041	    0.030	   -1.260
    0.917	    0.002	    0.106	   -0.072	    0.073	    0.043	    0.030	   -1.240
    0.916	    0.002	    0.089	   -0.005	    0.073	    0.044	    0.031	   -1.220
    0.918	    0.002	   -0.073	    0.170	    0.085	    0.041	    0.030	   -1.200
    0.917	    0.002	    0.086	   -0.132	    0.072	    0.042	    0.031	   -1.180
    0.917	    0.002	   -0.030	    0.077	    0.078	    0.045	    0.031	   -1.160
    0.917	    0.002	   -0.118	    0.116	    0.082	    0.042	    0.030	   -1.140
    0.917	    0.001	    0.093	   -0.122	    0.069	    0.040	    0.029	   -1.120
    0.917	    0.002	    0.031	    0.095	    0.078	    0.041	    0.028	   -1.100
    0.916	    0.002	   -0.112	    0.087	    0.080	    0.041	    0.029	   -1.080
    0.916	    0.002	    0.121	   -0.144	    0.067	    0.042	    0.030	   -1.060
    0.916	    0.002	   -0.012	    0.138	    0.082	    0.042	    0.029	   -1.040
    0.917	    0.002	   -0.013	   -0.023	    0.080	    0.043	    0.031	   -1.020
    0.917	    0.002	    0.175	   -0.083	    0.067	    0.042	    0.030	   -1.000
    0.917	    0.002	   -0.098	    0.175	    0.087	    0.042	    0.029	   -0.980
    0.916	    0.002	    0.069	   -0.130	    0.070	    0.041	    0.029	   -0.960
    0.916	    0.002	   -0.029	    0.074	    0.078	    0.043	    0.030	   -0.940
    0.915	    0.002	   -0.045	    0.022	    0.077	    0.042	    0.028	   -0.920
    0.915	    0.002	    0.148	   -0.118	    0.069	    0.041	    0.029	   -0.900
    0.915	    0.002	   -0.063	    0.190	    0.088	    0.043	    0.030	   -0.880
    0.915	    0.002	    0.084	   -0.091	    0.073	    0.042	    0.030	   -0.860
    0.915	    0.002	    0.021	    0.051	    0.077	    0.047	    0.032	   -0.840
    0.915	    0.002	   -0.067	    0.085	    0.084	    0.042	    0.031	   -0.820
    0.915	    0.002	    0.135	   -0.145	    0.067	    0.041	    0.030	   -0.800
    0.916	    0.002	   -0.018	    0.150	    0.081	    0.042	    0.028	   -0.780
    0.915	    0.002	   -0.003	   -0.038	    0.076	    0.042	    0.031	   -0.760
    0.915	    0.001	    0.155	   -0.099	    0.069	    0.042	    0.030	   -0.740
    0.916	    0.002	   -0.082	    0.182	    0.082	    0.045	    0.030	   -0.720
    0.915	    0.002	    0.072	   -0.092	    0.071	    0.039	    0.027	   -0.700
    0.915	    0.002	    0.147	    0.031	    0.072	    0.045	    0.031	   -0.680
    0.915	    0.002	   -0.126	    0.147	    0.083	    0.047	    0.033	   -0.660
    0.916	    0.002	    0.038	   -0.137	    0.070	    0.040	    0.029	   -0.640
    0.917	    0.002	    0.050	    0.026	    0.074	    0.042	    0.028	   -0.620
    0.917	    0.002	   -0.113	    0.132	    0.084	    0.043	    0.030	   -0.600
    0.917	    0.002	    0.064	   -0.158	    0.070	    0.042	    0.031	   -0.580
    0.916	    0.002	   -0.048	    0.083	    0.082	    0.042	    0.027	   -0.560
    0.916	    0.002	   -0.084	    0.025	    0.079	    0.042	    0.030	   -0.540
    0.916	    0.002	    0.128	   -0.151	    0.066	    0.042	    0.030	   -0.520
    0.916	    0.002	   -0.055	    0.147	    0.081	    0.041	    0.028	   -0.500
    0.916	    0.002	    0.002	   -0.068	    0.078	    0.042	    0.031	   -0.480
    0.916	    0.001	    0.163	   -0.064	    0.070	    0.042	    0.030	   -0.460
    0.916	    0.002	   -0.089	    0.160	    0.083	    0.040	    0.028	   -0.440
    0.916	    0.002	    0.037	   -0.094	    0.074	    0.042	    0.030	   -0.420
    0.916	    0.002	    0.127	   -0.047	    0.071	    0.046	    0.031	   -0.400
    0.915	    0.002	   -0.105	    0.167	    0.082	    0.044	    0.030	   -0.380
    0.916	    0.002	   -0.090	   -0.134	    0.074	    0.041	    0.029	   -0.360
    0.915	    0.002	    0.170	   -0.131	    0.067	    0.041	    0.029	   -0.340
    0.915	    0.002	   -0.033	    0.200	    0.079	    0.040	    0.028	   -0.320
    0.914	    0.002	    0.122	   -0.081	    0.070	    0.040	    0.029	   -0.300
    0.915	    0.002	   -0.016	    0.090	    0.078	    0.042	    0.028	   -0.280
    0.915	    0.001	   -0.107	    0.082	    0.078	    0.038	    0.029	   -0.260
    0.916	    0.002	    0.165	   -0.139	    0.066	    0.040	    0.029	   -0.240
    0.915	    0.002	   -0.068	    0.156	    0.082	    0.041	    0.028	   -0.220
    0.915	    0.002	    0.026	   -0.085	    0.070	    0.039	    0.029	   -0.200
    0.914	    0.002	    0.170	   -0.089	    0.067	    0.041	    0.029	   -0.180
    0.914	    0.002	   -0.102	    0.166	    0.081	    0.041	    0.029	   -0.160
    0.913	    0.001	    0.041	   -0.127	    0.073	    0.040	    0.030	   -0.140
    0.913	    0.002	    0.012	    0.053	    0.072	    0.041	    0.028	   -0.120
    0.912	    0.003	   -0.136	    0.094	    0.080	    0.038	    0.027	   -0.100
    0.912	    0.002	    0.127	   -0.158	    0.068	    0.041	    0.029	   -0.080
    0.912	    0.001	   -0.069	    0.121	    0.078	    0.040	    0.027	   -0.060
    0.913	    0.002	   -0.072	   -0.039	    0.073	    0.038	    0.027	   -0.040
    0.911	    0.001	    0.138	   -0.119	    0.066	    0.042	    0.029	   -0.020
    0.911	    0.002	   -0.036	    0.180	    0.079	    0.040	    0.027	    0.000
    0.910	    0.002	    0.050	   -0.076	    0.069	    0.039	    0.028	    0.020
    0.909	    0.002	    0.098	   -0.105	    0.067	    0.038	    0.028	    0.040
    0.907	    0.002	    0.110	    0.097	    0.074	    0.040	    0.028	    0.060
    0.908	    0.002	   -0.120	    0.157	    0.082	    0.042	    0.029	    0.080
    0.907	    0.002	    0.049	   -0.173	    0.066	    0.040	    0.029	    0.100
    0.907	    0.002	   -0.051	    0.066	    0.080	    0.042	    0.029	    0.120
    0.909	    0.002	   -0.141	    0.045	    0.078	    0.038	    0.028	    0.140
    0.908	    0.002	    0.087	   -0.158	    0.065	    0.037	    0.027	    0.160
    0.909	    0.002	    0.063	    0.078	    0.076	    0.041	    0.028	    0.180
    0.908	    0.002	   -0.121	    0.125	    0.080	    0.038	    0.027	    0.200
    0.907	    0.002	    0.096	   -0.125	    0.067	    0.038	    0.027	    0.220
    0.906	    0.002	    0.041	    0.095	    0.074	    0.038	    0.025	    0.240
    0.907	    0.002	   -0.117	    0.097	    0.079	    0.041	    0.028	    0.260
    0.906	    0.002	    0.103	   -0.134	    0.066	    0.038	    0.027	    0.280
    0.906	    0.002	    0.112	    0.067	    0.072	    0.040	    0.027	    0.300
    0.907	    0.002	   -0.136	    0.134	    0.084	    0.041	    0.029	    0.320
    0.907	    0.002	    0.021	   -0.177	    0.071	    0.044	    0.033	    0.340
    0.908	    0.002	   -0.000	    0.039	    0.074	    0.043	    0.029	    0.360
    0.907	    0.002	   -0.145	    0.095	    0.081	    0.045	    0.031	    0.380
    0.907	    0.002	    0.088	   -0.151	    0.067	    0.039	    0.029	    0.400
    0.906	    0.002	    0.044	    0.096	    0.074	    0.040	    0.027	    0.420
    0.906	    0.002	   -0.146	    0.074	    0.078	    0.037	    0.026	    0.440
    0.905	    0.002	    0.179	   -0.114	    0.069	    0.039	    0.027	    0.460
    0.906	    0.002	   -0.018	    0.130	    0.079	    0.042	    0.029	    0.480
    0.906	    0.002	   -0.146	    0.042	    0.079	    0.039	    0.027	    0.500
    0.907	    0.002	    0.154	   -0.138	    0.069	    0.038	    0.027	    0.520
    0.907	    0.002	   -0.031	    0.131	    0.080	    0.042	    0.028	    0.540
    0.907	    0.002	   -0.104	    0.021	    0.075	    0.041	    0.029	    0.560
    0.907	    0.002	    0.161	   -0.131	    0.067	    0.038	    0.027	    0.580
    0.907	    0.002	    0.005	    0.175	    0.081	    0.042	    0.028	    0.600
    0.906	    0.002	   -0.096	   -0.002	    0.076	    0.039	    0.029	    0.620
    0.907	    0.002	    0.172	   -0.122	    0.067	    0.039	    0.028	    0.640
    0.907	    0.002	   -0.014	    0.139	    0.080	    0.045	    0.031	    0.660
    0.908	    0.002	   -0.113	    0.051	    0.081	    0.041	    0.031	    0.680
    0.908	    0.002	    0.117	   -0.162	    0.066	    0.041	    0.030	    0.700
    0.909	    0.002	   -0.007	    0.155	    0.079	    0.041	    0.027	    0.720
    0.909	    0.002	   -0.120	    0.012	    0.079	    0.043	    0.031	    0.740
    0.908	    0.002	   -0.121	   -0.145	    0.074	    0.040	    0.030	    0.760
    0.909	    0.002	    0.165	   -0.031	    0.069	    0.039	    0.027	    0.780
    0.908	    0.001	    0.152	    0.125	    0.076	    0.045	    0.030	    0.800
    0.908	    0.002	   -0.066	    0.186	    0.084	    0.042	    0.028	    0.820
    0.909	    0.002	    0.144	   -0.113	    0.067	    0.040	    0.028	    0.840
    0.908	    0.002	   -0.026	    0.121	    0.078	    0.041	    0.027	    0.860
    0.909	    0.002	   -0.110	    0.117	    0.079	    0.041	    0.029	    0.880
    0.909	    0.002	    0.132	   -0.141	    0.067	    0.040	    0.029	    0.900
    0.910	    0.002	   -0.038	    0.128	    0.081	    0.044	    0.031	    0.920
    0.910	    0.002	   -0.124	   -0.033	    0.077	    0.041	    0.030	    0.940
    0.909	    0.002	    0.155	   -0.137	    0.067	    0.041	    0.029	    0.960
    0.910	    0.002	    0.008	    0.182	    0.080	    0.039	    0.026	    0.980
    0.909	    0.002	   -0.102	    0.061	    0.084	    0.043	    0.031	    1.000
    0.910	    0.002	    0.171	   -0.116	    0.067	    0.041	    0.031	    1.020
    0.910	    0.002	   -0.035	    0.107	    0.080	    0.043	    0.030	    1.040
    0.911	    0.002	   -0.133	    0.083	    0.082	    0.042	    0.030	    1.060
    0.912	    0.002	    0.055	   -0.138	    0.067	    0.040	    0.030	    1.080
    0.911	    0.002	    0.146	   -0.025	    0.069	    0.040	    0.027	    1.100
    0.912	    0.002	   -0.084	    0.192	    0.082	    0.041	    0.029	    1.120
    0.911	    0.002	    0.072	   -0.112	    0.068	    0.038	    0.027	    1.140
    0.910	    0.002	    0.150	   -0.021	    0.067	    0.040	    0.029	    1.160
    0.911	    0.002	   -0.108	    0.153	    0.081	    0.040	    0.029	    1.180
    0.911	    0.002	    0.025	   -0.112	    0.071	    0.040	    0.028	    1.200
    0.910	    0.002	    0.141	   -0.096	    0.065	    0.040	    0.028	    1.220
    0.911	    0.002	   -0.091	    0.147	    0.081	    0.040	    0.029	    1.240
    0.912	    0.002	    0.004	   -0.101	    0.074	    0.039	    0.028	    1.260
    0.912	    0.002	    0.147	   -0.063	    0.067	    0.040	    0.028	    1.280
    0.913	    0.001	   -0.105	    0.147	    0.084	    0.041	    0.028	    1.300
    0.912	    0.002	    0.024	   -0.114	    0.069	    0.037	    0.027	    1.320
    0.912	    0.002	    0.138	   -0.109	    0.067	    0.040	    0.027	    1.340
    0.910	    0.002	   -0.087	    0.171	    0.080	    0.042	    0.029	    1.360
    0.911	    0.002	    0.056	   -0.105	    0.070	    0.039	    0.027	    1.380
    0.912	    0.002	    0.139	    0.021	    0.070	    0.040	    0.027	    1.400
    0.912	    0.001	   -0.118	    0.153	    0.079	    0.041	    0.029	    1.420
    0.912	    0.001	    0.060	   -0.124	    0.068	    0.038	    0.027	    1.440
    0.913	    0.002	    0.156	   -0.039	    0.069	    0.042	    0.029	    1.460
    0.912	    0.002	   -0.133	    0.118	    0.082	    0.040	    0.027	    1.480
    0.912	    0.002	    0.061	   -0.143	    0.066	    0.038	    0.027	    1.500
    0.912	    0.002	    0.084	    0.061	    0.072	    0.042	    0.027	    1.520
    0.912	    0.002	   -0.135	    0.138	    0.085	    0.043	    0.029	    1.540
    0.912	    0.002	    0.037	   -0.149	    0.071	    0.041	    0.029	    1.560
    0.912	    0.002	    0.026	    0.058	    0.072	    0.038	    0.027	    1.580
    0.912	    0.002	   -0.144	    0.125	    0.080	    0.039	    0.026	    1.600
    0.914	    0.002	    0.035	   -0.175	    0.069	    0.041	    0.029	    1.620
    0.913	    0.002	    0.089	    0.035	    0.074	    0.040	    0.028	    1.640
    0.911	    0.002	   -0.172	    0.109	    0.082	    0.041	    0.028	    1.660
    0.912	    0.002	   -0.058	   -0.117	    0.074	    0.038	    0.027	    1.680
    0.912	    0.002	    0.156	   -0.135	    0.065	    0.040	    0.028	    1.700
    0.911	    0.001	   -0.018	    0.165	    0.077	    0.042	    0.029	    1.720
    0.910	    0.002	   -0.079	   -0.020	    0.073	    0.038	    0.027	    1.740
    0.911	    0.002	    0.110	   -0.103	    0.067	    0.038	    0.026	    1.760
    0.910	    0.002	    0.182	    0.008	    0.067	    0.041	    0.028	    1.780
    0.911	    0.002	   -0.054	    0.190	    0.082	    0.038	    0.025	    1.800
    0.911	    0.002	    0.066	   -0.076	    0.071	    0.039	    0.029	    1.820
    0.910	    0.002	    0.154	   -0.085	    0.069	    0.039	    0.028	    1.840
    0.909	    0.002	   -0.056	    0.169	    0.079	    0.040	    0.027	    1.860
    0.909	    0.002	   -0.040	   -0.077	    0.074	    0.040	    0.030	    1.880
    0.910	    0.002	    0.149	   -0.129	    0.068	    0.041	    0.028	    1.900
    0.909	    0.002	   -0.033	    0.165	    0.078	    0.038	    0.028	    1.920
    0.908	    0.002	   -0.093	   -0.055	    0.075	    0.039	    0.028	    1.940
    0.909	    0.002	    0.186	   -0.122	    0.066	    0.040	    0.028	    1.960
    0.909	    0.002	   -0.011	    0.152	    0.078	    0.041	    0.028	    1.980
    0.909	    0.002	   -0.091	    0.008	    0.075	    0.038	    0.027	    2.000
    0.909	    0.002	    0.154	   -0.132	    0.065	    0.038	    0.027	    2.020
    0.908	    0.002	    0.017	    0.146	    0.076	    0.042	    0.029	    2.040
    0.908	    0.002	   -0.114	    0.075	    0.080	    0.038	    0.027	    2.060
    0.907	    0.002	    0.117	   -0.149	    0.066	    0.039	    0.028	    2.080
    0.907	    0.002	   -0.026	    0.121	    0.077	    0.040	    0.026	    2.100
    0.906	    0.002	   -0.095	    0.052	    0.078	    0.040	    0.028	    2.120
    0.906	    0.002	    0.162	   -0.128	    0.068	    0.041	    0.027	    2.140
    0.907	    0.002	    0.007	    0.170	    0.078	    0.041	    0.027	    2.160
    0.909	    0.002	   -0.089	    0.022	    0.077	    0.038	    0.028	    2.180
    0.907	    0.002	    0.161	   -0.123	    0.066	    0.040	    0.025	    2.200
    0.907	    0.002	    0.050	    0.157	    0.078	    0.041	    0.027	    2.220
    0.907	    0.002	   -0.114	    0.085	    0.078	    0.043	    0.029	    2.240
    0.906	    0.002	    0.137	   -0.141	    0.065	    0.037	    0.026	    2.260
    0.906	    0.002	    0.003	    0.147	    0.078	    0.041	    0.026	    2.280
    0.906	    0.002	   -0.104	    0.042	    0.076	    0.041	    0.030	    2.300
    0.906	    0.002	    0.174	   -0.112	    0.065	    0.041	    0.030	    2.320
    0.907	    0.002	    0.019	    0.137	    0.080	    0.040	    0.026	    2.340
    0.908	    0.002	   -0.112	    0.103	    0.079	    0.041	    0.028	    2.360
    0.908	    0.002	    0.090	   -0.160	    0.064	    0.040	    0.029	    2.380
    0.908	    0.002	   -0.006	    0.113	    0.080	    0.040	    0.026	    2.400
    0.907	    0.002	   -0.132	    0.052	    0.078	    0.040	    0.028	    2.420
    0.908	    0.002	    0.096	   -0.156	    0.063	    0.039	    0.028	    2.440
    0.907	    0.002	    0.087	    0.110	    0.074	    0.040	    0.027	    2.460
    0.907	    0.002	   -0.084	    0.118	    0.079	    0.041	    0.028	    2.480
    0.907	    0.002	   -0.162	    0.050	    0.082	    0.040	    0.028	    2.500
    0.907	    0.002	    0.069	   -0.156	    0.066	    0.040	    0.030	    2.520
    0.909	    0.002	    0.070	    0.088	    0.075	    0.042	    0.027	    2.540
    0.909	    0.002	   -0.128	    0.125	    0.080	    0.040	    0.029	    2.560
    0.909	    0.002	    0.050	   -0.161	    0.067	    0.041	    0.029	    2.580
    0.909	    0.002	    0.153	    0.053	    0.071	    0.035	    0.027	    2.600
    0.909	    0.002	   -0.128	    0.114	    0.082	    0.041	    0.028	    2.620
    0.908	    0.002	   -0.004	   -0.149	    0.067	    0.038	    0.028	    2.640
    0.909	    0.002	    0.117	   -0.099	    0.069	    0.038	    0.026	    2.660
    0.909	    0.002	   -0.084	    0.144	    0.081	    0.041	    0.028	    2.680
    0.910	    0.002	   -0.038	   -0.103	    0.072	    0.041	    0.029	    2.700
    0.911	    0.002	    0.128	   -0.118	    0.065	    0.039	    0.027	    2.720
    0.911	    0.002	   -0.041	    0.160	    0.079	    0.042	    0.029	    2.740
    0.911	    0.002	   -0.043	   -0.074	    0.074	    0.043	    0.030	    2.760
    0.911	    0.001	    0.139	   -0.110	    0.064	    0.040	    0.028	    2.780
    0.911	    0.002	   -0.070	    0.159	    0.082	    0.040	    0.027	    2.800
    0.911	    0.002	    0.050	   -0.111	    0.073	    0.039	    0.028	    2.820
    0.911	    0.002	    0.128	    0.018	    0.068	    0.039	    0.027	    2.840
    0.911	    0.002	    0.157	    0.145	    0.074	    0.039	    0.027	    2.860
    0.912	    0.002	   -0.150	    0.082	    0.081	    0.042	    0.030	    2.880
    0.913	    0.002	   -0.048	   -0.117	    0.069	    0.038	    0.027	    2.900
    0.914	    0.002	    0.102	   -0.128	    0.069	    0.038	    0.026	    2.920
    0.914	    0.002	   -0.049	    0.092	    0.081	    0.042	    0.028	    2.940
    0.913	    0.002	   -0.146	    0.048	    0.079	    0.040	    0.029	    2.960
    0.913	    0.002	    0.078	   -0.167	    0.066	    0.039	    0.028	    2.980
    0.913	    0.002	    0.114	    0.099	    0.072	    0.038	    0.026	    3.000
    0.913	    0.002	   -0.128	    0.145	    0.080	    0.039	    0.028	    3.020
    0.913	    0.002	    0.014	   -0.157	    0.069	    0.039	    0.028	    3.040
    0.914	    0.002	    0.141	   -0.021	    0.068	    0.038	    0.027	    3.060
    0.914	    0.002	   -0.091	    0.125	    0.079	    0.043	    0.029	    3.080
    0.914	    0.002	   -0.166	   -0.066	    0.074	    0.038	    0.029	    3.100
    0.915	    0.002	    0.105	   -0.120	    0.065	    0.036	    0.026	    3.120
    0.915	    0.002	    0.186	    0.096	    0.071	    0.040	    0.027	    3.140
    0.915	    0.002	   -0.082	    0.179	    0.081	    0.041	    0.028	    3.160
    0.913	    0.002	   -0.108	   -0.132	    0.072	    0.039	    0.029	    3.180
    0.913	    0.002	    0.130	   -0.144	    0.067	    0.038	    0.026	    3.200
    0.913	    0.002	    0.034	    0.139	    0.076	    0.039	    0.026	    3.220
    0.913	    0.002	   -0.113	    0.078	    0.077	    0.039	    0.027	    3.240
    0.913	    0.002	    0.125	   -0.146	    0.067	    0.038	    0.027	    3.260
    0.914	    0.002	    0.005	    0.136	    0.079	    0.042	    0.026	    3.280
    0.915	    0.002	   -0.086	    0.048	    0.075	    0.039	    0.027	    3.300
    0.914	    0.002	    0.134	   -0.152	    0.063	    0.037	    0.027	    3.320
    0.914	    0.002	   -0.049	    0.129	    0.077	    0.040	    0.027	    3.340
    0.913	    0.002	   -0.100	   -0.019	    0.071	    0.038	    0.027	    3.360
    0.913	    0.002	    0.125	   -0.161	    0.063	    0.037	    0.025	    3.380
    0.913	    0.002	   -0.020	    0.152	    0.080	    0.040	    0.027	    3.400
    0.913	    0.002	   -0.039	   -0.025	    0.075	    0.041	    0.029	    3.420
    0.912	    0.002	    0.183	   -0.113	    0.064	    0.040	    0.027	    3.440
    0.913	    0.002	   -0.024	    0.119	    0.077	    0.042	    0.028	    3.460
    0.914	    0.002	   -0.133	    0.096	    0.079	    0.040	    0.027	    3.480
    0.913	    0.002	    0.064	   -0.140	    0.064	    0.042	    0.027	    3.500
    0.914	    0.002	    0.148	    0.020	    0.070	    0.040	    0.027	    3.520
    0.913	    0.002	   -0.111	    0.134	    0.079	    0.039	    0.027	    3.540
    0.913	    0.002	    0.024	   -0.138	    0.067	    0.037	    0.027	    3.560
    0.912	    0.002	    0.116	   -0.062	    0.069	    0.038	    0.025	    3.580
    0.912	    0.002	   -0.060	    0.098	    0.076	    0.040	    0.027	    3.600
    0.912	    0.002	   -0.176	   -0.028	    0.073	    0.038	    0.027	    3.620
    0.912	    0.002	   -0.166	   -0.136	    0.072	    0.037	    0.025	    3.640
    0.913	    0.002	   -0.115	   -0.115	    0.071	    0.038	    0.025	    3.660
    0.913	    0.002	   -0.060	   -0.070	    0.071	    0.038	    0.026	    3.680
    0.912	    0.002	    0.214	   -0.066	    0.064	    0.034	    0.023	    3.700
    0.911	    0.002	    0.005	    0.237	    0.077	    0.038	    0.026	    3.720
    0.910	    0.001	    0.112	   -0.135	    0.063	    0.037	    0.026	    3.740
    0.911	    0.002	   -0.023	    0.118	    0.071	    0.038	    0.025	    3.760
    0.912	    0.001	   -0.070	   -0.140	    0.066	    0.037	    0.026	    3.780
    0.913	    0.002	   -0.099	   -0.092	    0.067	    0.033	    0.022	    3.800
    0.911	    0.002	   -0.047	   -0.026	    0.068	    0.031	    0.020	    3.820
    0.911	    0.002	   -0.030	   -0.023	    0.067	    0.032	    0.021	    3.840
    0.910	    0.002	   -0.018	   -0.023	    0.064	    0.033	    0.021	    3.860
    0.909	    0.002	    0.016	   -0.020	    0.064	    0.032	    0.020	    3.880
    0.909	    0.002	    0.048	   -0.017	    0.067	    0.034	    0.021	    3.900
    0.911	    0.002	    0.064	    0.110	    0.063	    0.030	    0.020	    3.920
    0.911	    0.002	    0.013	    0.045	    0.065	    0.030	    0.019	    3.940
    0.911	    0.002	    0.020	    0.020	    0.065	    0.032	    0.020	    3.960
    0.911	    0.002	   -0.027	    0.059	    0.065	    0.035	    0.020	    3.980
    0.910	    0.002	   -0.013	   -0.022	    0.067	    0.031	    0.019	    4.000
    0.910	    0.002	    0.229	    0.007	    0.057	    0.027	    0.017	    4.020
    0.911	    0.002	    0.273	    0.192	    0.061	    0.031	    0.017	    4.040
    0.911	    0.002	   -0.028	    0.201	    0.072	    0.033	    0.020	    4.060
    0.912	    0.002	   -0.132	   -0.015	    0.067	    0.030	    0.020	    4.080
    0.913	    0.002	    0.017	   -0.126	    0.060	    0.030	    0.019	    4.100
    0.913	    0.002	    0.162	   -0.070	    0.060	    0.031	    0.020	    4.120
    0.912	    0.001	    0.156	    0.154	    0.065	    0.032	    0.020	    4.140
    0.911	    0.002	    0.160	    0.040	    0.064	    0.034	    0.021	    4.160
    0.911	    0.002	   -0.083	    0.130	    0.072	    0.034	    0.022	    4.180
    0.911	    0.002	   -0.205	   -0.103	    0.069	    0.034	    0.023	    4.200
    0.911	    0.002	    0.045	   -0.148	    0.064	    0.033	    0.022	    4.220
    0.912	    0.002	    0.143	   -0.073	    0.063	    0.034	    0.022	    4.240
    0.912	    0.002	    0.118	    0.121	    0.070	    0.038	    0.025	    4.260
    0.912	    0.001	   -0.130	    0.104	    0.074	    0.037	    0.026	    4.280
    0.911	    0.002	   -0.228	   -0.125	    0.071	    0.036	    0.025	    4.300
    0.910	    0.002	    0.081	   -0.128	    0.064	    0.036	    0.024	    4.320
    0.910	    0.002	    0.205	    0.042	    0.065	    0.035	    0.023	    4.340
    0.909	    0.002	   -0.030	    0.166	    0.077	    0.037	    0.025	    4.360
    0.909	    0.002	   -0.072	    0.038	    0.073	    0.037	    0.026	    4.380
    0.909	    0.002	   -0.073	    0.016	    0.072	    0.038	    0.027	    4.400
    0.910	    0.001	    0.015	   -0.001	    0.074	    0.036	    0.024	    4.420
    0.909	    0.002	   -0.028	    0.150	    0.077	    0.038	    0.027	    4.440
    0.910	    0.002	   -0.084	    0.009	    0.075	    0.039	    0.028	    4.460
    0.908	    0.002	   -0.041	   -0.001	    0.074	    0.039	    0.026	    4.480
    0.907	    0.002	   -0.018	    0.085	    0.073	    0.038	    0.027	    4.500
    0.907	    0.002	   -0.075	    0.014	    0.075	    0.038	    0.027	    4.520
    0.908	    0.002	   -0.146	   -0.152	    0.073	    0.039	    0.027	    4.540
    0.908	    0.002	   -0.050	   -0.044	    0.077	    0.040	    0.029	    4.560
    0.908	    0.002	    0.076	   -0.072	    0.070	    0.040	    0.028	    4.580
    0.908	    0.002	    0.081	    0.219	    0.081	    0.040	    0.027	    4.600
    0.907	    0.002	    0.086	    0.131	    0.074	    0.040	    0.028	    4.620
    0.908	    0.002	   -0.018	    0.142	    0.078	    0.041	    0.029	    4.640
    0.908	    0.001	    0.007	    0.089	    0.076	    0.041	    0.029	    4.660
    0.909	    0.002	    0.030	    0.111	    0.078	    0.041	    0.028	    4.680
    0.910	    0.002	   -0.107	    0.066	    0.079	    0.041	    0.029	    4.700
    0.911	    0.001	   -0.179	    0.043	    0.083	    0.042	    0.030	    4.720
    0.911	    0.002	   -0.036	   -0.164	    0.069	    0.040	    0.029	    4.740
    0.912	    0.002	    0.099	   -0.090	    0.072	    0.038	    0.026	    4.760
    0.911	    0.002	    0.045	    0.050	    0.076	    0.042	    0.029	    4.780
    0.912	    0.001	    0.086	   -0.124	    0.067	    0.040	    0.029	    4.800
    0.912	    0.002	    0.173	    0.014	    0.072	    0.042	    0.030	    4.820
    0.912	    0.002	    0.175	    0.135	    0.074	    0.041	    0.029	    4.840
    0.913	    0.002	   -0.078	    0.104	    0.078	    0.043	    0.030	    4.860
    0.914	    0.002	   -0.161	   -0.025	    0.077	    0.041	    0.030	    4.880
    0.913	    0.002	   -0.227	   -0.135	    0.078	    0.043	    0.030	    4.900
    0.914	    0.002	   -0.110	   -0.180	    0.071	    0.041	    0.029	    4.920
    0.914	    0.001	    0.096	   -0.128	    0.068	    0.039	    0.028	    4.940
    0.913	    0.002	    0.236	    0.106	    0.073	    0.042	    0.029	    4.960
    0.913	    0.002	   -0.044	    0.107	    0.081	    0.044	    0.031	    4.980
    0.913	    0.002	   -0.140	    0.070	    0.084	    0.041	    0.029	    5.000
    0.915	    0.001	   -0.138	   -0.159	    0.074	    0.041	    0.030	    5.020
    0.916	    0.002	    0.123	   -0.130	    0.067	    0.040	    0.028	    5.040
    0.915	    0.002	    0.199	    0.106	    0.076	    0.042	    0.028	    5.060
    0.915	    0.001	    0.176	    0.122	    0.072	    0.042	    0.030	    5.080
    0.913	    0.001	    0.093	    0.116	    0.075	    0.040	    0.028	    5.100
    0.914	    0.002	    0.076	    0.063	    0.074	    0.038	    0.028	    5.120
    0.914	    0.001	   -0.163	   -0.017	    0.079	    0.042	    0.030	    5.140
    0.913	    0.002	    0.088	    0.025	    0.074	    0.039	    0.028	    5.160
    0.913	    0.002	   -0.052	    0.022	    0.076	    0.039	    0.027	    5.180
    0.913	    0.002	    0.034	    0.033	    0.075	    0.039	    0.027	    5.200
    0.913	    0.001	   -0.040	    0.045	    0.075	    0.039	    0.029	    5.220
    0.912	    0.002	   -0.001	    0.035	    0.076	    0.039	    0.027	    5.240
    0.911	    0.002	    0.002	    0.030	    0.075	    0.041	    0.028	    5.260
    0.911	    0.002	   -0.068	    0.022	    0.079	    0.042	    0.029	    5.280
    0.912	    0.002	   -0.253	    0.021	    0.085	    0.040	    0.028	    5.300
    0.911	    0.001	   -0.273	   -0.271	    0.075	    0.043	    0.031	    5.320
    0.911	    0.002	   -0.088	   -0.193	    0.069	    0.040	    0.027	    5.340
    0.910	    0.002	    0.016	   -0.118	    0.071	    0.039	    0.028	    5.360
    0.909	    0.002	    0.055	   -0.061	    0.067	    0.038	    0.027	    5.380
    0.909	    0.002	    0.087	   -0.021	    0.072	    0.038	    0.027	    5.400
    0.909	    0.002	    0.125	   -0.061	    0.069	    0.039	    0.028	    5.420
    0.909	    0.002	    0.198	    0.049	    0.069	    0.041	    0.029	    5.440
    0.909	    0.001	    0.173	    0.125	    0.072	    0.041	    0.028	    5.460
    0.910	    0.001	    0.086	    0.134	    0.078	    0.042	    0.029	    5.480
    0.910	    0.002	   -0.156	    0.071	    0.079	    0.039	    0.029	    5.500
    0.909	    0.002	   -0.216	   -0.142	    0.075	    0.038	    0.027	    5.520
    0.908	    0.002	    0.062	   -0.157	    0.067	    0.038	    0.026	    5.540
    0.908	    0.002	    0.183	    0.031	    0.072	    0.041	    0.027	    5.560
    0.907	    0.002	    0.089	    0.124	    0.074	    0.040	    0.027	    5.580
    0.908	    0.002	   -0.149	    0.104	    0.081	    0.041	    0.029	    5.600
    0.909	    0.002	   -0.213	   -0.160	    0.074	    0.039	    0.028	    5.620
    0.909	    0.002	    0.101	   -0.129	    0.068	    0.038	    0.027	    5.640
    0.908	    0.002	    0.204	    0.058	    0.070	    0.039	    0.026	    5.660
    0.908	    0.002	   -0.053	    0.153	    0.078	    0.041	    0.028	    5.680
    0.908	    0.002	   -0.175	   -0.071	    0.074	    0.036	    0.027	    5.700
    0.907	    0.001	    0.085	   -0.126	    0.070	    0.042	    0.028	    5.720
    0.906	    0.001	    0.186	    0.003	    0.067	    0.039	    0.027	    5.740
    0.906	    0.001	   -0.027	    0.154	    0.075	    0.039	    0.027	    5.760
    0.906	    0.002	   -0.134	    0.007	    0.077	    0.040	    0.028	    5.780
    0.907	    0.002	    0.034	   -0.113	    0.072	    0.038	    0.027	    5.800
    0.907	    0.001	    0.168	   -0.070	    0.065	    0.040	    0.028	    5.820
    0.907	    0.002	    0.130	    0.162	    0.077	    0.039	    0.025	    5.840
    0.907	    0.001	   -0.084	    0.149	    0.079	    0.041	    0.028	    5.860
    0.907	    0.002	   -0.182	   -0.113	    0.074	    0.039	    0.029	    5.880
    0.906	    0.002	    0.099	   -0.108	    0.067	    0.037	    0.026	    5.900
    0.905	    0.002	    0.182	   -0.003	    0.068	    0.039	    0.026	    5.920
    0.906	    0.001	   -0.040	    0.167	    0.079	    0.039	    0.027	    5.940
    0.906	    0.002	   -0.115	   -0.065	    0.074	    0.038	    0.027	    5.960
    0.905	    0.002	   -0.107	   -0.047	    0.074	    0.036	    0.025	    5.980
    0.907	    0.002	    0.149	   -0.108	    0.063	    0.038	    0.026	    6.000
    0.906	    0.001	    0.191	    0.151	    0.070	    0.038	    0.024	    6.020
    0.906	    0.001	   -0.107	    0.162	    0.078	    0.040	    0.027	    6.040
    0.906	    0.002	   -0.134	   -0.107	    0.073	    0.039	    0.029	    6.060
    0.905	    0.002	    0.135	   -0.099	    0.064	    0.036	    0.026	    6.080
    0.905	    0.001	    0.238	    0.141	    0.072	    0.038	    0.025	    6.100
    0.905	    0.002	   -0.074	    0.149	    0.078	    0.042	    0.029	    6.120
    0.905	    0.002	   -0.183	   -0.094	    0.077	    0.039	    0.028	    6.140
    0.905	    0.002	   -0.019	   -0.117	    0.070	    0.037	    0.026	    6.160
    0.905	    0.002	    0.150	   -0.109	    0.064	    0.039	    0.027	    6.180
    0.906	    0.002	    0.187	    0.128	    0.069	    0.039	    0.027	    6.200
    0.905	    0.002	   -0.092	    0.157	    0.079	    0.041	    0.027	    6.220
    0.905	    0.002	   -0.128	   -0.118	    0.073	    0.038	    0.028	    6.240
    0.905	    0.002	    0.043	   -0.143	    0.065	    0.038	    0.027	    6.260
    0.904	    0.002	    0.172	   -0.054	    0.065	    0.038	    0.026	    6.280
    0.905	    0.002	   -0.026	    0.107	    0.076	    0.039	    0.027	    6.300
    0.906	    0.002	   -0.114	    0.058	    0.078	    0.038	    0.026	    6.320
    0.906	    0.002	   -0.024	   -0.092	    0.069	    0.037	    0.025	    6.340
    0.906	    0.002	    0.157	   -0.100	    0.063	    0.037	    0.025	    6.360
    0.906	    0.002	    0.227	    0.131	    0.070	    0.038	    0.025	    6.380
    0.905	    0.002	   -0.077	    0.135	    0.077	    0.042	    0.028	    6.400
    0.905	    0.002	   -0.197	   -0.085	    0.074	    0.038	    0.028	    6.420
    0.906	    0.002	    0.058	   -0.169	    0.066	    0.038	    0.026	    6.440
    0.906	    0.002	    0.201	    0.076	    0.066	    0.036	    0.024	    6.460
    0.907	    0.002	   -0.099	    0.119	    0.074	    0.039	    0.027	    6.480
    0.908	    0.002	   -0.187	   -0.061	    0.073	    0.036	    0.025	    6.500
    0.909	    0.002	    0.055	   -0.157	    0.065	    0.038	    0.026	    6.520
    0.909	    0.002	    0.158	   -0.038	    0.068	    0.039	    0.027	    6.540
    0.909	    0.002	   -0.056	    0.131	    0.077	    0.038	    0.026	    6.560
    0.909	    0.002	   -0.157	   -0.009	    0.078	    0.039	    0.027	    6.580
    0.909	    0.001	   -0.161	   -0.140	    0.070	    0.038	    0.027	    6.600
    0.909	    0.002	    0.056	   -0.092	    0.069	    0.039	    0.026	    6.620
    0.910	    0.002	    0.179	   -0.070	    0.064	    0.041	    0.028	    6.640
    0.911	    0.002	    0.105	    0.129	    0.070	    0.039	    0.027	    6.660
    0.912	    0.002	   -0.099	    0.144	    0.082	    0.039	    0.026	    6.680
    0.913	    0.001	   -0.177	   -0.108	    0.073	    0.038	    0.027	    6.700
    0.912	    0.002	    0.094	   -0.127	    0.066	    0.037	    0.025	    6.720
    0.912	    0.002	    0.187	   -0.006	    0.067	    0.037	    0.024	    6.740
    0.912	    0.002	    0.049	    0.170	    0.076	    0.041	    0.027	    6.760
    0.912	    0.002	   -0.068	    0.116	    0.074	    0.036	    0.026	    6.780
    0.913	    0.002	   -0.089	   -0.041	    0.073	    0.036	    0.025	    6.800
    0.913	    0.002	   -0.104	    0.004	    0.075	    0.038	    0.027	    6.820
    0.914	    0.002	    0.104	   -0.113	    0.065	    0.035	    0.027	    6.840
    0.913	    0.002	    0.221	    0.098	    0.068	    0.037	    0.024	    6.860
    0.914	    0.002	   -0.032	    0.180	    0.077	    0.039	    0.027	    6.880
    0.912	    0.002	   -0.143	   -0.008	    0.074	    0.036	    0.027	    6.900
    0.913	    0.002	    0.065	   -0.137	    0.068	    0.037	    0.026	    6.920
    0.913	    0.002	    0.154	   -0.045	    0.067	    0.036	    0.025	    6.940
    0.912	    0.002	    0.033	    0.125	    0.071	    0.038	    0.027	    6.960
    0.912	    0.002	   -0.098	    0.121	    0.079	    0.037	    0.025	    6.980
    0.913	    0.002	   -0.167	   -0.092	    0.076	    0.039	    0.027	    7.000
    0.913	    0.001	    0.087	   -0.114	    0.064	    0.036	    0.025	    7.020
    0.912	    0.002	    0.189	   -0.010	    0.065	    0.038	    0.024	    7.040
    0.913	    0.002	    0.078	    0.134	    0.072	    0.040	    0.027	    7.060
    0.912	    0.002	   -0.115	    0.116	    0.076	    0.038	    0.027	    7.080
    0.911	    0.002	   -0.179	   -0.148	    0.073	    0.038	    0.027	    7.100
    0.910	    0.002	    0.070	   -0.187	    0.064	    0.035	    0.025	    7.120
    0.910	    0.002	    0.167	    0.083	    0.068	    0.038	    0.026	    7.140
    0.910	    0.002	   -0.081	    0.121	    0.078	    0.038	    0.027	    7.160
    0.910	    0.002	   -0.169	   -0.027	    0.074	    0.036	    0.026	    7.180
    0.910	    0.002	   -0.075	   -0.152	    0.069	    0.037	    0.026	    7.200
    0.910	    0.001	    0.174	   -0.117	    0.064	    0.036	    0.024	    7.220
    0.909	    0.002	    0.143	    0.139	    0.072	    0.038	    0.025	    7.240
    0.907	    0.002	    0.106	    0.139	    0.071	    0.039	    0.027	    7.260
    0.907	    0.002	   -0.168	    0.075	    0.075	    0.036	    0.025	    7.280
    0.906	    0.002	   -0.231	   -0.150	    0.072	    0.036	    0.026	    7.300
    0.907	    0.002	    0.023	   -0.185	    0.063	    0.034	    0.023	    7.320
    0.907	    0.002	    0.142	   -0.032	    0.068	    0.037	    0.024	    7.340
    0.907	    0.002	    0.131	    0.126	    0.070	    0.037	    0.024	    7.360
    0.907	    0.002	   -0.089	    0.123	    0.077	    0.040	    0.027	    7.380
    0.906	    0.002	   -0.199	   -0.066	    0.074	    0.037	    0.027	    7.400
    0.906	    0.002	   -0.048	   -0.151	    0.067	    0.034	    0.023	    7.420
    0.906	    0.002	    0.130	   -0.090	    0.065	    0.037	    0.025	    7.440
    0.905	    0.001	    0.222	    0.138	    0.067	    0.036	    0.023	    7.460
    0.906	    0.002	   -0.003	    0.158	    0.077	    0.040	    0.027	    7.480
    0.907	    0.002	   -0.151	    0.045	    0.077	    0.038	    0.027	    7.500
    0.908	    0.002	   -0.126	   -0.133	    0.067	    0.038	    0.027	    7.520
    0.908	    0.002	    0.123	   -0.131	    0.062	    0.031	    0.022	    7.540
    0.908	    0.002	    0.193	    0.113	    0.067	    0.037	    0.025	    7.560
    0.908	    0.002	    0.131	    0.102	    0.068	    0.036	    0.025	    7.580
    0.907	    0.002	   -0.095	    0.100	    0.076	    0.038	    0.026	    7.600
    0.908	    0.002	   -0.197	   -0.035	    0.076	    0.038	    0.026	    7.620
    0.908	    0.002	   -0.128	   -0.170	    0.066	    0.034	    0.023	    7.640
    0.908	    0.002	    0.100	   -0.130	    0.062	    0.034	    0.023	    7.660
    0.909	    0.002	    0.219	    0.117	    0.068	    0.037	    0.024	    7.680
    0.910	    0.002	   -0.037	    0.128	    0.072	    0.039	    0.028	    7.700
    0.909	    0.001	   -0.138	    0.066	    0.074	    0.036	    0.024	    7.720
    0.909	    0.002	   -0.194	   -0.141	    0.072	    0.036	    0.026	    7.740
    0.909	    0.001	    0.080	   -0.150	    0.060	    0.034	    0.023	    7.760
    0.908	    0.002	    0.201	    0.062	    0.064	    0.035	    0.022	    7.780
    0.907	    0.001	    0.149	    0.137	    0.068	    0.035	    0.023	    7.800
    0.906	    0.002	   -0.099	    0.088	    0.071	    0.038	    0.025	    7.820
    0.907	    0.002	   -0.175	    0.024	    0.073	    0.034	    0.022	    7.840
    0.908	    0.001	   -0.176	   -0.161	    0.068	    0.035	    0.025	    7.860
    0.908	    0.002	    0.087	   -0.157	    0.059	    0.034	    0.022	    7.880
    0.909	    0.002	    0.203	    0.103	    0.065	    0.034	    0.022	    7.900
    0.908	    0.002	    0.165	    0.148	    0.070	    0.036	    0.023	    7.920
    0.908	    0.002	   -0.078	    0.080	    0.070	    0.037	    0.025	    7.940
    0.906	    0.002	   -0.172	    0.002	    0.073	    0.034	    0.024	    7.960
    0.907	    0.002	   -0.149	   -0.162	    0.068	    0.035	    0.024	    7.980
    0.907	    0.002	    0.084	   -0.161	    0.061	    0.038	    0.025	    8.000
    0.907	    0.001	    0.208	    0.103	    0.067	    0.036	    0.023	    8.020
    0.908	    0.002	    0.074	    0.148	    0.072	    0.037	    0.025	    8.040
    0.909	    0.001	   -0.127	    0.101	    0.074	    0.036	    0.025	    8.060
    0.908	    0.002	   -0.204	   -0.147	    0.069	    0.035	    0.024	    8.080
    0.908	    0.001	    0.080	   -0.155	    0.063	    0.035	    0.023	    8.100
    0.907	    0.001	    0.167	    0.038	    0.063	    0.035	    0.024	    8.120
    0.907	    0.002	    0.127	    0.101	    0.069	    0.037	    0.024	    8.140
    0.907	    0.002	   -0.118	    0.111	    0.077	    0.039	    0.026	    8.160
    0.906	    0.002	   -0.212	   -0.129	    0.074	    0.037	    0.026	    8.180
    0.907	    0.002	   -0.084	   -0.141	    0.069	    0.035	    0.022	    8.200
    0.908	    0.002	    0.129	   -0.112	    0.065	    0.035	    0.024	    8.220
    0.908	    0.002	    0.207	    0.089	    0.069	    0.038	    0.025	    8.240
    0.907	    0.001	    0.101	    0.140	    0.072	    0.038	    0.026	    8.260
    0.907	    0.001	   -0.121	    0.112	    0.079	    0.038	    0.026	    8.280
    0.906	    0.002	   -0.225	   -0.146	    0.072	    0.035	    0.027	    8.300
    0.907	    0.001	    0.080	   -0.139	    0.066	    0.038	    0.026	    8.320
    0.905	    0.002	    0.172	   -0.018	    0.067	    0.038	    0.025	    8.340
    0.907	    0.002	    0.151	    0.126	    0.074	    0.039	    0.026	    8.360
    0.907	    0.002	   -0.142	    0.092	    0.075	    0.038	    0.026	    8.380
    0.907	    0.001	   -0.193	   -0.077	    0.078	    0.038	    0.026	    8.400
    0.908	    0.002	   -0.041	   -0.145	    0.068	    0.038	    0.027	    8.420
    0.907	    0.001	    0.141	   -0.102	    0.064	    0.038	    0.026	    8.440
    0.907	    0.002	    0.215	    0.133	    0.071	    0.038	    0.025	    8.460
    0.907	    0.001	    0.090	    0.122	    0.074	    0.040	    0.027	    8.480
    0.906	    0.001	   -0.169	    0.064	    0.079	    0.041	    0.028	    8.500
    0.906	    0.002	   -0.236	   -0.140	    0.074	    0.039	    0.028	    8.520
    0.907	    0.002	    0.036	   -0.174	    0.072	    0.039	    0.027	    8.540
    0.908	    0.002	    0.100	   -0.105	    0.066	    0.037	    0.026	    8.560
    0.909	    0.002	    0.059	    0.082	    0.073	    0.040	    0.027	    8.580
    0.908	    0.002	    0.093	   -0.151	    0.068	    0.040	    0.028	    8.600
    0.908	    0.002	    0.126	    0.083	    0.071	    0.040	    0.027	    8.620
    0.907	    0.002	   -0.109	    0.105	    0.080	    0.039	    0.027	    8.640
    0.906	    0.002	   -0.208	   -0.094	    0.075	    0.041	    0.030	    8.660
    0.906	    0.002	   -0.149	   -0.179	    0.071	    0.040	    0.029	    8.680
    0.906	    0.002	    0.095	   -0.139	    0.067	    0.038	    0.026	    8.700
    0.907	    0.002	    0.193	    0.046	    0.072	    0.040	    0.027	    8.720
    0.908	    0.002	    0.179	    0.136	    0.071	    0.040	    0.027	    8.740
    0.907	    0.002	   -0.039	    0.099	    0.078	    0.042	    0.029	    8.760
    0.906	    0.002	   -0.145	    0.031	    0.077	    0.041	    0.029	    8.780
    0.905	    0.002	   -0.208	   -0.146	    0.077	    0.040	    0.028	    8.800
    0.905	    0.002	   -0.094	   -0.116	    0.075	    0.041	    0.028	    8.820
    0.905	    0.002	    0.059	   -0.092	    0.072	    0.041	    0.029	    8.840
    0.904	    0.002	    0.017	   -0.041	    0.073	    0.042	    0.029	    8.860
    0.904	    0.002	    0.143	   -0.070	    0.070	    0.039	    0.028	    8.880
    0.905	    0.002	    0.193	    0.026	    0.070	    0.042	    0.029	    8.900
    0.905	    0.002	    0.187	    0.114	    0.070	    0.042	    0.029	    8.920
    0.904	    0.002	    0.052	    0.117	    0.078	    0.042	    0.030	    8.940
    0.903	    0.002	   -0.172	    0.066	    0.079	    0.042	    0.030	    8.960
    0.901	    0.002	   -0.226	   -0.155	    0.078	    0.041	    0.030	    8.980
    0.900	    0.002	   -0.039	   -0.133	    0.075	    0.041	    0.029	    9.000
    0.901	    0.002	    0.127	   -0.105	    0.070	    0.043	    0.030	    9.020
    0.901	    0.002	    0.206	    0.065	    0.070	    0.041	    0.028	    9.040
    0.901	    0.002	    0.158	    0.146	    0.078	    0.041	    0.028	    9.060
    0.900	    0.002	   -0.091	    0.120	    0.080	    0.043	    0.031	    9.080
    0.900	    0.002	   -0.172	   -0.037	    0.080	    0.042	    0.032	    9.100
    0.900	    0.001	   -0.150	   -0.110	    0.074	    0.041	    0.029	    9.120
    0.899	    0.002	    0.079	   -0.094	    0.070	    0.041	    0.028	    9.140
    0.898	    0.002	    0.162	   -0.051	    0.069	    0.041	    0.030	    9.160
    0.898	    0.002	    0.223	    0.121	    0.073	    0.041	    0.028	    9.180
    0.898	    0.001	    0.042	    0.163	    0.079	    0.042	    0.030	    9.200
    0.898	    0.001	    0.076	    0.114	    0.075	    0.042	    0.029	    9.220
    0.899	    0.002	   -0.115	    0.083	    0.081	    0.043	    0.029	    9.240
    0.898	    0.002	   -0.131	    0.029	    0.078	    0.040	    0.029	    9.260
    0.898	    0.002	   -0.152	   -0.071	    0.076	    0.040	    0.028	    9.280
    0.898	    0.001	   -0.138	   -0.085	    0.080	    0.042	    0.029	    9.300
    0.898	    0.002	   -0.106	   -0.106	    0.075	    0.041	    0.029	    9.320
    0.897	    0.001	   -0.016	   -0.072	    0.071	    0.039	    0.027	    9.340
    0.896	    0.002	    0.041	   -0.052	    0.073	    0.040	    0.028	    9.360
    0.898	    0.001	    0.117	   -0.034	    0.068	    0.040	    0.030	    9.380
    0.898	    0.001	    0.240	    0.044	    0.071	    0.040	    0.027	    9.400
    0.899	    0.002	    0.255	    0.177	    0.071	    0.042	    0.027	    9.420
    0.898	    0.002	    0.205	    0.153	    0.071	    0.042	    0.031	    9.440
    0.898	    0.002	   -0.007	    0.110	    0.079	    0.042	    0.030	    9.460
    0.896	    0.001	   -0.176	    0.014	    0.081	    0.042	    0.030	    9.480
    0.897	    0.002	   -0.179	   -0.134	    0.073	    0.040	    0.029	    9.500
    0.895	    0.002	   -0.154	   -0.126	    0.073	    0.039	    0.027	    9.520
    0.895	    0.002	   -0.000	   -0.114	    0.074	    0.042	    0.029	    9.540
    0.897	    0.002	    0.154	   -0.052	    0.069	    0.040	    0.028	    9.560
    0.897	    0.002	    0.222	    0.108	    0.072	    0.039	    0.026	    9.580
    0.897	    0.002	    0.138	    0.102	    0.073	    0.043	    0.031	    9.600
    0.897	    0.002	    0.113	    0.074	    0.070	    0.042	    0.029	    9.620
    0.896	    0.002	    0.098	    0.049	    0.077	    0.041	    0.029	    9.640
    0.895	    0.002	   -0.071	    0.067	    0.079	    0.042	    0.030	    9.660
    0.894	    0.001	   -0.160	    0.013	    0.077	    0.040	    0.029	    9.680
    0.895	    0.002	   -0.165	   -0.079	    0.077	    0.040	    0.027	    9.700
    0.895	    0.002	   -0.187	   -0.141	    0.078	    0.041	    0.029	    9.720
    0.897	    0.002	   -0.114	   -0.110	    0.073	    0.041	    0.028	    9.740
    0.897	    0.002	   -0.031	   -0.074	    0.073	    0.039	    0.027	    9.760
    0.896	    0.001	   -0.037	   -0.056	    0.074	    0.041	    0.029	    9.780
    0.897	    0.002	   -0.017	   -0.029	    0.075	    0.042	    0.029	    9.800
    0.895	    0.002	   -0.006	   -0.021	    0.074	    0.041	    0.029	    9.820
    0.894	    0.001	    0.293	   -0.021	    0.068	    0.042	    0.029	    9.840
    0.894	    0.002	    0.102	    0.289	    0.080	    0.041	    0.028	    9.860
    0.895	    0.002	   -0.025	    0.135	    0.082	    0.041	    0.028	    9.880
    0.896	    0.002	   -0.122	   -0.052	    0.075	    0.041	    0.030	    9.900
    0.897	    0.001	    0.063	   -0.106	    0.070	    0.040	    0.028	    9.920
    0.896	    0.001	    0.146	   -0.030	    0.071	    0.043	    0.029	    9.940
    0.895	    0.002	    0.158	    0.056	    0.073	    0.044	    0.031	    9.960
    0.895	    0.002	    0.157	    0.089	    0.074	    0.042	    0.029	    9.980
    0.895	    0.002	    0.133	    0.090	    0.074	    0.039	    0.030	   10.000
